open_time,open,high,low,close,volume
2025-07-14 22:00:00,102805.13,102948.49,102644.51,102723.53,39.60099
2025-07-14 23:00:00,102723.53,102726.98,102555.28,102646.17,37.49855
2025-07-15 00:00:00,102646.17,102651.3,102118.62,102285.79,51.74118
2025-07-15 01:00:00,102285.79,102320.37,101560.13,101560.13,68.50542
2025-07-15 02:00:00,101569.13,101743.58,100919.2,101245.54,63.76644
2025-07-15 03:00:00,101235.67,101235.67,100049.75,100280.24,74.41344
2025-07-15 04:00:00,100278.36,100564.23,99679.67,100549.7,58.40071
2025-07-15 05:00:00,100554.09,100745.02,100124.74,100400.01,54.09398
2025-07-15 06:00:00,100404.75,100799.07,99922.71,100188.69,109.34045
2025-07-15 07:00:00,100188.81,100339.76,99572.94,99832.7,58.15526
2025-07-15 08:00:00,99832.7,99907.04,99534.75,99784.9,54.47215
2025-07-15 09:00:00,99784.9,100169.94,99784.9,99886.15,43.85566
2025-07-15 10:00:00,99884.9,100311.67,99875.01,100137.9,41.87105
2025-07-15 11:00:00,100131.16,100359.8,99644.2,100350.46,58.86121
2025-07-15 12:00:00,100350.53,100485.27,99846.44,100342.5,60.52708
2025-07-15 13:00:00,100347.89,101607.4,100310.23,101463.13,72.55861
2025-07-15 14:00:00,101463.13,101797.03,99700.21,99765.08,76.85795
2025-07-15 15:00:00,99765.08,100454.72,99640.54,100178.75,72.97883
2025-07-15 16:00:00,100174.95,101395.84,100124.86,100966.32,69.53452
2025-07-15 17:00:00,100966.32,101297.76,100966.32,101179.76,55.2529
2025-07-15 18:00:00,101179.76,101179.76,99989.42,100615.1,59.44637
2025-07-15 19:00:00,100615.1,100935.59,100222.82,100334.94,63.95306
2025-07-15 20:00:00,100334.94,100456.34,100140.08,100351.35,60.06697
2025-07-15 21:00:00,100344.79,101261.86,100235.72,101254.23,52.16424
2025-07-15 22:00:00,101255.66,101502.06,101061.69,101466.0,46.78995
2025-07-15 23:00:00,101466.01,101609.83,101187.17,101406.34,45.2705
2025-07-16 00:00:00,101402.65,101710.32,101149.98,101686.36,49.96576
2025-07-16 01:00:00,101688.83,101748.21,101188.88,101282.14,39.90907
2025-07-16 02:00:00,101300.43,101312.01,100758.33,100987.14,48.14875
2025-07-16 03:00:00,100991.08,107711.01,100894.52,101133.87,43.63124
2025-07-16 04:00:00,101132.01,101259.76,100939.4,101172.85,39.75149
2025-07-16 05:00:00,101172.86,113075.0,101172.86,101393.33,44.09684
2025-07-16 06:00:00,101395.67,101763.56,101324.55,101753.49,37.27026
2025-07-16 07:00:00,101711.97,101865.07,101546.12,101704.16,43.13399
2025-07-16 08:00:00,101705.86,102172.95,101618.74,102107.6,45.86535
2025-07-16 09:00:00,102105.18,102580.77,102100.21,102574.22,54.18912
2025-07-16 10:00:00,102574.22,102726.48,102211.99,102228.93,34.9538
2025-07-16 11:00:00,102232.6,102436.04,102152.85,102333.98,34.13833
2025-07-16 12:00:00,102339.11,102567.58,102311.09,102319.58,46.96425
2025-07-16 13:00:00,102319.58,102695.4,102113.44,102572.67,60.41099
2025-07-16 14:00:00,102562.38,102799.0,102212.43,102626.62,65.78142
2025-07-16 15:00:00,102626.62,103157.2,101410.16,102417.0,70.71259
2025-07-16 16:00:00,102416.99,102516.44,101870.37,102496.81,70.40835
2025-07-16 17:00:00,102496.81,102780.65,102223.02,102250.29,61.97589
2025-07-16 18:00:00,102250.29,102933.3,102212.4,102781.93,72.31389
2025-07-16 19:00:00,102777.0,102862.4,102195.65,102415.57,60.1808
2025-07-16 20:00:00,102415.57,102995.43,102203.32,102922.2,62.38396
2025-07-16 21:00:00,102922.2,103047.48,102541.63,102541.63,53.20467
2025-07-16 22:00:00,102538.53,102551.67,101912.55,101929.83,43.64417
2025-07-16 23:00:00,101923.88,102119.06,101710.8,102034.82,43.25423
2025-07-17 00:00:00,102034.82,102539.56,101973.89,102286.77,49.6231
2025-07-17 01:00:00,102288.9,102437.54,101250.72,101466.7,62.86107
2025-07-17 02:00:00,101466.7,101940.64,101466.7,101791.54,54.90461
2025-07-17 03:00:00,101791.33,101815.63,101396.9,101623.42,51.54239
2025-07-17 04:00:00,101623.43,101937.25,101509.6,101936.54,46.7747
2025-07-17 05:00:00,101936.54,102079.12,101712.86,102064.94,39.50647
2025-07-17 06:00:00,102066.02,102496.65,102006.0,102222.82,51.93941
2025-07-17 07:00:00,102225.63,102251.87,101750.7,102101.78,60.59402
2025-07-17 08:00:00,102096.8,102101.99,101849.28,101929.22,53.45424
2025-07-17 09:00:00,101929.21,102761.45,101920.79,102480.36,62.12175
2025-07-17 10:00:00,102480.36,102523.36,102037.99,102138.0,61.06701
2025-07-17 11:00:00,102131.89,102160.44,101908.97,101914.28,54.33202
2025-07-17 12:00:00,101914.98,101978.45,101467.17,101746.21,60.98292
2025-07-17 13:00:00,101746.21,102176.07,101415.02,102176.07,69.81608
2025-07-17 14:00:00,102176.07,102541.96,102075.91,102443.5,57.12089
2025-07-17 15:00:00,102443.5,107874.85,102205.89,102551.91,70.28996
2025-07-17 16:00:00,102551.91,102551.91,102062.55,102286.79,49.68571
2025-07-17 17:00:00,102286.79,102978.35,102286.79,102966.95,56.6532
2025-07-17 18:00:00,102966.95,116395.37,96723.14,103245.07,135.29887
2025-07-17 19:00:00,103245.07,113605.39,102493.21,102510.85,63.38219
2025-07-17 20:00:00,102513.67,102950.0,102130.57,102743.98,64.37481
2025-07-17 21:00:00,102743.5,104181.83,102743.5,103603.91,77.28004
2025-07-17 22:00:00,103601.6,103992.77,102864.38,102979.42,62.02438
2025-07-17 23:00:00,102979.43,103072.13,102532.9,102532.9,50.61206
2025-07-18 00:00:00,102531.81,102959.81,102361.32,102951.23,59.26633
2025-07-18 01:00:00,102951.23,103679.97,102894.69,103415.51,55.70292
2025-07-18 02:00:00,103415.51,103453.46,103086.5,103212.99,56.24871
2025-07-18 03:00:00,103212.99,103511.1,103092.2,103374.15,55.45913
2025-07-18 04:00:00,103374.15,103615.63,103054.74,103579.83,49.66619
2025-07-18 05:00:00,103579.83,103794.8,103436.16,103784.43,46.8774
2025-07-18 06:00:00,103777.85,103931.63,103340.51,103533.01,55.93914
2025-07-18 07:00:00,103533.01,103533.01,102682.41,102682.41,56.11978
2025-07-18 08:00:00,102682.41,102685.14,101697.32,101910.75,54.92056
2025-07-18 09:00:00,101914.85,102256.21,101842.12,102202.41,51.87251
2025-07-18 10:00:00,102202.4,102505.98,101954.09,102505.98,58.5249
2025-07-18 11:00:00,102505.98,102533.06,102058.71,102418.69,46.65666
2025-07-18 12:00:00,102418.36,128939.18,95283.61,117820.42,124.65622
2025-07-18 13:00:00,117713.03,118613.71,101371.63,101885.54,79.16212
2025-07-18 14:00:00,101885.54,127449.71,95501.7,101500.98,109.95531
2025-07-18 15:00:00,101491.41,122035.91,93652.68,101228.76,90.10082
2025-07-18 16:00:00,101228.62,111214.81,101005.06,101085.32,69.64664
2025-07-18 17:00:00,101085.32,117154.04,100973.4,101202.66,81.76303
2025-07-18 18:00:00,101199.41,101284.14,100990.45,101032.16,77.66183
2025-07-18 19:00:00,101032.16,101437.17,100847.23,101006.77,54.03125
2025-07-18 20:00:00,101030.77,101132.62,100499.05,101040.94,51.16978
2025-07-18 21:00:00,101040.94,101396.5,100995.64,101155.24,53.93396
2025-07-18 22:00:00,101155.24,101446.44,101000.18,101226.23,43.21731
2025-07-18 23:00:00,101226.23,101493.16,101055.72,101429.77,42.91754
2025-07-19 00:00:00,101436.9,101526.76,101267.12,101267.12,40.12199
2025-07-19 01:00:00,101267.12,101558.15,101177.52,101528.42,39.93231
2025-07-19 02:00:00,101528.42,101747.19,101457.48,101668.07,46.6923
2025-07-19 03:00:00,101680.57,101798.06,101600.71,101777.86,33.8006
2025-07-19 04:00:00,101780.0,101792.76,101582.51,101616.8,35.51493
2025-07-19 05:00:00,101615.99,101738.4,101564.07,101695.24,28.06055
2025-07-19 06:00:00,101695.25,101743.18,101576.02,101650.36,27.55349
2025-07-19 07:00:00,101651.51,101781.61,101632.65,101644.83,33.66005
2025-07-19 08:00:00,101647.02,101731.29,101478.56,101599.65,38.32097
2025-07-19 09:00:00,101599.65,101769.82,101567.32,101697.65,31.82139
2025-07-19 10:00:00,101696.13,101886.7,101660.53,101859.79,31.68301
2025-07-19 11:00:00,101859.79,101911.8,101667.94,101780.0,39.9084
2025-07-19 12:00:00,101780.0,101780.67,101596.04,101665.97,39.62894
2025-07-19 13:00:00,101674.82,102165.17,101365.05,101613.63,44.91004
2025-07-19 14:00:00,101613.63,101669.6,101202.35,101202.35,46.83091
2025-07-19 15:00:00,101212.58,107440.01,99907.01,101540.08,66.36887
2025-07-19 16:00:00,101540.07,101574.64,101357.93,101453.43,42.10557
2025-07-19 17:00:00,101453.32,101453.32,101250.56,101287.6,31.5285
2025-07-19 18:00:00,101293.24,101472.88,101284.49,101343.19,32.01036
2025-07-19 19:00:00,101338.13,101566.44,101171.86,101481.8,34.175
2025-07-19 20:00:00,101479.85,101582.88,101334.01,101334.01,35.59228
2025-07-19 21:00:00,101334.01,101428.11,100932.22,101266.46,43.02054
2025-07-19 22:00:00,101266.46,101387.7,101108.37,101340.65,37.40421
2025-07-19 23:00:00,101327.26,101454.2,101294.98,101376.79,35.64012
2025-07-20 00:00:00,101373.55,101495.65,101215.81,101467.36,44.21181
2025-07-20 01:00:00,101456.88,101594.9,101420.5,101432.47,38.93906
2025-07-20 02:00:00,101432.5,101507.68,101309.92,101471.34,42.20992
2025-07-20 03:00:00,101471.34,101602.17,101392.62,101435.85,43.56677
2025-07-20 04:00:00,101435.85,101573.59,101398.92,101453.82,36.84904
2025-07-20 05:00:00,101439.16,101446.31,101294.68,101338.16,25.52462
2025-07-20 06:00:00,101337.49,101365.24,101259.64,101308.69,27.31137
2025-07-20 07:00:00,101308.09,101618.08,101308.09,101488.71,33.07562
2025-07-20 08:00:00,101489.73,101695.0,101489.73,101621.1,33.72642
2025-07-20 09:00:00,101627.19,101707.99,101446.66,101465.98,40.87036
2025-07-20 10:00:00,101465.98,101465.98,101365.91,101375.21,33.67791
2025-07-20 11:00:00,101375.2,114439.02,101283.23,101291.56,41.66379
2025-07-20 12:00:00,101294.73,101518.19,101200.01,101478.8,49.24808
2025-07-20 13:00:00,101478.8,101720.09,101478.8,101698.8,46.6525
2025-07-20 14:00:00,101698.8,102069.78,101698.8,101808.32,64.67843
2025-07-20 15:00:00,101808.32,102059.5,101727.37,101992.03,48.46891
2025-07-20 16:00:00,101983.25,102084.38,101808.0,101832.26,51.81744
2025-07-20 17:00:00,101830.17,101832.61,101364.47,101373.25,53.55051
2025-07-20 18:00:00,101371.67,101703.01,101100.01,101666.48,54.82736
2025-07-20 19:00:00,101666.48,101829.6,94612.01,101514.59,45.13571
2025-07-20 20:00:00,101512.52,101553.12,101236.43,101427.64,50.08304
2025-07-20 21:00:00,101427.64,101459.38,101210.11,101288.11,39.01231
2025-07-20 22:00:00,101288.13,101325.61,100130.2,101017.86,64.96858
2025-07-20 23:00:00,101017.86,101021.75,100549.33,100830.49,55.39513
2025-07-21 00:00:00,100830.5,101009.3,100262.11,101009.3,50.17146
2025-07-21 01:00:00,101009.3,101064.27,100566.22,100995.85,54.52434
2025-07-21 02:00:00,100995.85,101598.21,100995.85,101598.21,61.63545
2025-07-21 03:00:00,101608.84,102049.25,101608.84,101864.23,54.79867
2025-07-21 04:00:00,101864.23,102031.91,101750.42,101781.75,46.17486
2025-07-21 05:00:00,101780.52,101780.52,101614.07,101759.57,41.91447
2025-07-21 06:00:00,101759.57,102426.44,101677.43,102365.63,54.77231
2025-07-21 07:00:00,102365.63,102724.49,102365.63,102408.99,48.2854
2025-07-21 08:00:00,102408.99,102593.28,102072.44,102164.39,46.79477
2025-07-21 09:00:00,102161.06,102245.87,101751.33,101907.96,55.62217
2025-07-21 10:00:00,101907.29,102052.41,101681.02,101798.87,50.82374
2025-07-21 11:00:00,101803.67,101880.36,101268.16,101268.16,51.44367
2025-07-21 12:00:00,101268.16,101618.79,100961.5,101301.23,62.03168
2025-07-21 13:00:00,101303.53,102075.93,101128.11,101867.3,55.41769
2025-07-21 14:00:00,101867.3,102013.24,101508.85,101612.64,66.16748
2025-07-21 15:00:00,101612.64,101711.69,101074.27,101109.26,68.44461
2025-07-21 16:00:00,101109.26,101171.89,100472.63,100677.11,52.2748
2025-07-21 17:00:00,100674.58,100984.81,100416.63,100810.63,54.77285
2025-07-21 18:00:00,100810.63,101056.02,100200.75,100204.51,65.30408
2025-07-21 19:00:00,100204.51,100495.31,99811.74,99934.11,74.03111
2025-07-21 20:00:00,99934.11,100244.45,99832.79,100004.78,57.34234
2025-07-21 21:00:00,100004.78,100395.57,99978.69,100282.33,49.90016
2025-07-21 22:00:00,100282.33,100603.44,100218.01,100401.32,35.36502
2025-07-21 23:00:00,100371.31,100525.59,100208.71,100398.6,42.77302
2025-07-22 00:00:00,100398.4,100549.39,100135.46,100220.1,52.95951
2025-07-22 01:00:00,100220.1,100900.79,99539.45,100772.59,61.27807
2025-07-22 02:00:00,100772.6,100785.62,100055.15,100058.47,51.18582
2025-07-22 03:00:00,100058.48,100323.52,99871.89,100258.8,58.84182
2025-07-22 04:00:00,100258.13,100342.07,99814.04,99841.3,60.57567
2025-07-22 05:00:00,99831.17,100408.34,99744.85,100361.44,60.57473
2025-07-22 06:00:00,100361.45,100812.64,100361.44,100810.74,53.92446
2025-07-22 07:00:00,100810.74,101478.4,100783.22,100950.14,60.06516
2025-07-22 08:00:00,100951.9,101114.98,100527.96,101100.02,64.58888
2025-07-22 09:00:00,101100.31,101382.96,100796.39,101147.98,56.26718
2025-07-22 10:00:00,101149.39,101624.89,101068.49,101624.89,48.5925
2025-07-22 11:00:00,101624.89,101879.98,101550.53,101845.14,51.88902
2025-07-22 12:00:00,101845.14,102150.0,101786.66,102005.42,47.88583
2025-07-22 13:00:00,102002.99,102194.04,100878.03,100878.03,60.54633
2025-07-22 14:00:00,100878.03,101539.33,100484.15,101539.33,66.45028
2025-07-22 15:00:00,101540.84,101709.03,101214.64,101221.0,58.02358
2025-07-22 16:00:00,101225.09,101530.86,100971.99,100972.17,53.14999
2025-07-22 17:00:00,100977.53,101484.43,100809.94,101481.12,52.75163
2025-07-22 18:00:00,101481.11,102294.72,101383.88,101975.95,55.0205
2025-07-22 19:00:00,101963.96,101970.97,101421.0,101472.38,49.05496
2025-07-22 20:00:00,101472.38,102020.14,101455.23,101908.21,52.05423
2025-07-22 21:00:00,101908.2,101918.03,101643.38,101643.38,32.00782
2025-07-22 22:00:00,101643.36,102120.41,101635.58,102011.51,47.32853
2025-07-22 23:00:00,102010.19,102339.35,101994.89,102209.65,49.72175
2025-07-23 00:00:00,102209.65,102334.15,101805.33,101805.33,44.67505
2025-07-23 01:00:00,101805.73,102008.39,101692.71,101850.9,58.74268
2025-07-23 02:00:00,101845.82,101847.78,101450.71,101496.33,48.13314
2025-07-23 03:00:00,101496.33,101511.5,101055.55,101072.76,30.46775
2025-07-23 04:00:00,101072.76,101420.28,101072.76,101419.06,46.95307
2025-07-23 05:00:00,101416.04,109169.7,101146.36,101171.43,48.60505
2025-07-23 06:00:00,101171.43,105803.07,100900.0,100900.47,43.39554
2025-07-23 07:00:00,100900.47,100998.07,100831.78,100856.01,47.96859
2025-07-23 08:00:00,100855.44,100994.3,100709.76,100933.63,40.98224
2025-07-23 09:00:00,100937.76,100963.66,100562.03,100614.79,43.00251
2025-07-23 10:00:00,100611.46,100996.56,100499.4,100994.49,37.40061
2025-07-23 11:00:00,100991.53,101210.12,100834.22,101117.4,55.03648
2025-07-23 12:00:00,101109.43,101212.21,100534.38,100628.7,48.98146
2025-07-23 13:00:00,100634.77,100870.87,100120.77,100194.99,60.14309
2025-07-23 14:00:00,100194.99,100740.01,100131.09,100740.01,64.10298
2025-07-23 15:00:00,100757.86,101060.34,100450.08,100973.61,59.24073
2025-07-23 16:00:00,100975.48,100990.44,100150.0,100284.84,66.74334
2025-07-23 17:00:00,100283.81,100748.52,99847.83,100433.17,68.4408
2025-07-23 18:00:00,100433.75,100602.39,100343.49,100580.64,57.74663
2025-07-23 19:00:00,100580.72,100894.25,100531.58,100599.27,54.79227
2025-07-23 20:00:00,100596.95,100647.96,99887.22,100213.55,60.38888
2025-07-23 21:00:00,100213.55,100431.54,99747.25,100415.64,65.51539
2025-07-23 22:00:00,100414.41,100777.88,100259.05,100733.6,45.194
2025-07-23 23:00:00,100737.01,100861.49,100636.96,100824.05,38.58752
2025-07-24 00:00:00,100820.37,101267.32,100781.17,101208.37,52.49401
2025-07-24 01:00:00,101208.62,101212.46,100972.17,101174.55,37.44339
2025-07-24 02:00:00,101168.28,101168.28,100940.38,101022.79,37.7712
2025-07-24 03:00:00,101010.93,101280.17,100666.8,100705.1,44.95084
2025-07-24 04:00:00,100709.62,100952.62,99810.13,100252.77,96.41327
2025-07-24 05:00:00,100271.62,100285.48,99856.34,99918.17,58.1986
2025-07-24 06:00:00,99918.17,100175.57,99800.91,99898.08,54.81902
2025-07-24 07:00:00,99914.83,100752.05,99633.38,100736.41,69.69686
2025-07-24 08:00:00,100734.4,101076.18,100577.45,101071.08,56.93431
2025-07-24 09:00:00,101071.09,101121.98,100818.77,100908.83,44.50791
2025-07-24 10:00:00,100908.83,100995.63,100484.78,100855.09,47.02547
2025-07-24 11:00:00,100850.0,101076.38,100779.11,100917.19,47.0429
2025-07-24 12:00:00,100916.76,101065.36,100716.68,101052.7,56.84853
2025-07-24 13:00:00,101052.7,101089.64,100502.86,100504.26,54.50704
2025-07-24 14:00:00,100504.26,101314.99,99890.5,101313.78,72.28705
2025-07-24 15:00:00,101311.31,109068.41,100876.44,101279.12,71.0814
2025-07-24 16:00:00,101279.12,101345.74,100638.32,100797.84,55.85392
2025-07-24 17:00:00,100797.84,101393.83,100797.84,101246.0,57.72474
2025-07-24 18:00:00,101251.72,117158.79,101068.93,101223.11,74.89432
2025-07-24 19:00:00,101223.12,101506.42,100890.06,101190.16,55.18498
2025-07-24 20:00:00,101190.16,101767.48,101078.41,101085.92,63.38194
2025-07-24 21:00:00,101085.92,101193.52,100919.21,100922.5,31.0277
2025-07-24 22:00:00,100922.49,101018.94,100607.55,100710.49,35.92401
2025-07-24 23:00:00,100711.61,100812.94,100623.63,100669.43,90.44057
2025-07-25 00:00:00,100678.72,100807.24,100105.99,100150.01,83.12812
2025-07-25 01:00:00,100151.47,100465.89,99908.73,100021.31,87.05324
2025-07-25 02:00:00,100021.31,100021.31,99250.1,99253.51,49.1989
2025-07-25 03:00:00,99253.51,100566.98,98270.93,98310.5,65.60474
2025-07-25 04:00:00,98309.99,100347.67,98100.57,98957.71,73.1809
2025-07-25 05:00:00,98953.28,100360.85,98338.36,98387.88,92.5169
2025-07-25 06:00:00,98387.88,100355.51,98069.31,98211.47,97.32637
2025-07-25 07:00:00,98211.47,100349.77,97689.97,98090.3,105.82432
2025-07-25 08:00:00,98090.3,98728.76,98017.11,98138.67,62.92969
2025-07-25 09:00:00,98138.67,98841.36,98011.3,98841.36,74.97372
2025-07-25 10:00:00,98841.36,99323.85,98841.36,99193.88,61.89907
2025-07-25 11:00:00,99193.88,99713.71,99193.88,99469.3,61.31781
2025-07-25 12:00:00,99469.3,99528.0,98988.5,99111.88,68.47856
2025-07-25 13:00:00,99103.06,99486.35,98760.29,99160.61,74.70873
2025-07-25 14:00:00,99153.83,99170.53,98059.26,98059.26,63.31538
2025-07-25 15:00:00,98069.52,98780.56,98024.43,98731.3,53.52703
2025-07-25 16:00:00,98731.3,99074.35,98624.91,99062.33,51.31822
2025-07-25 17:00:00,99065.03,99204.97,98804.76,99005.34,58.32083
2025-07-25 18:00:00,98988.61,99286.36,98932.83,99208.72,44.36304
2025-07-25 19:00:00,99198.31,99643.8,99159.87,99422.38,52.00441
2025-07-25 20:00:00,99422.38,99934.51,99328.26,99702.0,52.96884
2025-07-25 21:00:00,99702.01,99940.91,99649.99,99805.85,43.77872
2025-07-25 22:00:00,99820.16,99919.19,99734.66,99845.46,26.13492
2025-07-25 23:00:00,99851.71,100146.71,99780.31,100145.0,23.0912
2025-07-26 00:00:00,100144.99,100144.99,99908.7,100036.46,44.27238
2025-07-26 01:00:00,100038.15,100084.0,99748.33,99748.92,25.40887
2025-07-26 02:00:00,99743.74,100230.75,99743.74,100037.9,41.81807
2025-07-26 03:00:00,100008.07,100125.91,99995.84,100044.63,29.96996
2025-07-26 04:00:00,100044.62,100092.77,99981.69,100052.85,18.0101
2025-07-26 05:00:00,100052.85,100101.82,99983.3,100020.9,20.0615
2025-07-26 06:00:00,100020.91,100028.98,99921.95,99929.56,17.64214
2025-07-26 07:00:00,99928.23,99958.3,99906.84,99906.84,8.71838
2025-07-26 08:00:00,99905.52,100143.13,99905.52,100099.51,31.59948
2025-07-26 09:00:00,100101.89,100176.99,100030.11,100142.84,24.34352
2025-07-26 10:00:00,100144.97,100646.39,100103.69,100463.36,49.66366
2025-07-26 11:00:00,100448.38,100564.9,100343.26,100343.26,34.67247
2025-07-26 12:00:00,100324.86,100548.59,100324.86,100445.26,32.13744
2025-07-26 13:00:00,100434.44,100708.42,100400.83,100611.07,38.775
2025-07-26 14:00:00,100610.7,100692.8,100475.51,100592.23,52.18764
2025-07-26 15:00:00,100592.23,100655.78,100394.14,100624.19,37.75509
2025-07-26 16:00:00,100624.19,100664.77,100503.6,100560.8,57.83522
2025-07-26 17:00:00,100560.81,100626.17,100466.0,100529.12,27.20688
2025-07-26 18:00:00,100532.61,100584.55,100452.7,100553.28,34.51668
2025-07-26 19:00:00,100551.29,100723.3,100518.61,100666.88,17.83125
2025-07-26 20:00:00,100665.13,100665.13,100382.01,100461.0,23.43624
2025-07-26 21:00:00,100452.99,100520.57,100378.18,100506.76,35.58652
2025-07-26 22:00:00,100497.42,100650.5,100444.97,100507.27,51.30342
2025-07-26 23:00:00,100487.28,100499.85,100369.84,100384.63,17.07175
2025-07-27 00:00:00,100384.62,100426.42,100317.56,100426.04,25.8562
2025-07-27 01:00:00,100427.25,100639.53,100403.26,100557.19,23.68908
2025-07-27 02:00:00,100552.87,100740.77,100492.31,100720.25,22.1577
2025-07-27 03:00:00,100711.08,100740.87,100550.06,100623.47,15.92405
2025-07-27 04:00:00,100623.47,100693.89,100604.82,100646.46,17.42671
2025-07-27 05:00:00,100651.49,100728.7,100600.78,100714.51,25.76119
2025-07-27 06:00:00,100716.2,100856.32,100657.22,100709.7,18.61827
2025-07-27 07:00:00,100711.43,100714.73,100555.2,100555.2,17.91936
2025-07-27 08:00:00,100555.2,100613.13,100424.94,100424.94,29.87332
2025-07-27 09:00:00,100424.92,100480.37,100344.63,100379.62,23.55716
2025-07-27 10:00:00,100379.63,100689.88,100379.63,100635.27,28.22545
2025-07-27 11:00:00,100602.29,100656.0,100495.19,100497.24,35.0277
2025-07-27 12:00:00,100497.24,100558.5,100367.43,100532.57,30.1387
2025-07-27 13:00:00,100534.41,100644.87,100532.2,100641.8,29.727
2025-07-27 14:00:00,100645.69,100850.49,100602.63,100818.62,49.28627
2025-07-27 15:00:00,100818.62,100940.49,100688.62,100937.76,68.21319
2025-07-27 16:00:00,100941.0,101741.26,100941.0,101279.28,64.19038
2025-07-27 17:00:00,101278.18,101531.65,101159.78,101456.93,65.36984
2025-07-27 18:00:00,101449.83,101612.0,101254.01,101321.6,59.68943
2025-07-27 19:00:00,101321.6,101381.58,101115.23,101162.58,49.59825
2025-07-27 20:00:00,101164.52,101323.94,100980.98,101000.0,40.92511
2025-07-27 21:00:00,100999.4,101412.68,100995.88,101400.15,47.38935
2025-07-27 22:00:00,101414.9,101874.84,91830.01,101650.16,53.96593
2025-07-27 23:00:00,101650.16,101660.96,101358.22,101556.03,50.07484
2025-07-28 00:00:00,101551.29,101681.28,101344.24,101392.56,62.2183
2025-07-28 01:00:00,101392.56,101560.25,101194.95,101235.84,54.2505
2025-07-28 02:00:00,101240.48,101908.61,101240.48,101577.44,54.28318
2025-07-28 03:00:00,101577.4,101660.96,101410.14,101432.58,41.11801
2025-07-28 04:00:00,101436.12,101569.51,101354.38,101468.8,42.99754
2025-07-28 05:00:00,101465.76,101873.44,101425.35,101850.0,42.96834
2025-07-28 06:00:00,101850.0,102011.23,101750.94,101882.87,41.31337
2025-07-28 07:00:00,101883.62,101886.11,101371.85,101718.39,58.46997
2025-07-28 08:00:00,101718.39,101964.07,101585.75,101964.07,60.80381
2025-07-28 09:00:00,101907.17,101950.47,101694.44,101921.96,49.80584
2025-07-28 10:00:00,101913.72,102028.66,101673.56,101861.97,51.97703
2025-07-28 11:00:00,101861.97,102034.78,101740.61,102001.76,46.62782
2025-07-28 12:00:00,102005.08,102192.14,101897.61,101948.9,67.88201
2025-07-28 13:00:00,101948.9,102288.25,101717.12,101802.91,57.88409
2025-07-28 14:00:00,101801.7,101988.68,101325.05,101374.22,63.56499
2025-07-28 15:00:00,101377.21,101983.24,101373.6,101838.17,56.21048
2025-07-28 16:00:00,101838.17,102046.04,101718.91,101754.82,53.3337
2025-07-28 17:00:00,101754.82,101826.37,101464.37,101507.39,60.39511
2025-07-28 18:00:00,101512.46,101884.19,101297.42,101592.57,59.44829
2025-07-28 19:00:00,101592.57,101971.12,101387.61,101777.75,59.39285
2025-07-28 20:00:00,101779.87,101829.28,101351.98,101814.24,58.01757
2025-07-28 21:00:00,101814.24,102059.64,101724.01,101784.95,40.93457
2025-07-28 22:00:00,101784.96,101982.63,101582.21,101656.53,58.56982
2025-07-28 23:00:00,101640.55,102182.72,101610.32,101753.86,50.09958
2025-07-29 00:00:00,101768.0,102131.56,101385.0,101805.51,60.99138
2025-07-29 01:00:00,101805.09,101999.99,101634.44,101634.44,36.86607
2025-07-29 02:00:00,101606.06,101801.36,101392.46,101801.36,68.47794
2025-07-29 03:00:00,101810.1,102495.04,101810.1,102471.33,48.65075
2025-07-29 04:00:00,102467.87,102527.01,102206.18,102272.98,38.23042
2025-07-29 05:00:00,102272.98,102572.49,102267.69,102569.92,29.46262
2025-07-29 06:00:00,102572.5,102919.97,102516.67,102852.77,38.12839
2025-07-29 07:00:00,102860.85,103252.22,102824.63,102839.76,45.3009
2025-07-29 08:00:00,102847.9,102923.5,102643.66,102703.98,37.70231
2025-07-29 09:00:00,102695.54,102781.7,102531.0,102564.6,33.31702
2025-07-29 10:00:00,102565.36,102598.29,102187.8,102198.99,50.70907
2025-07-29 11:00:00,102197.14,102716.7,102097.38,102716.7,51.42932
2025-07-29 12:00:00,102719.0,103205.29,102629.8,103080.52,50.44739
2025-07-29 13:00:00,103076.9,103180.49,102710.74,102730.2,58.12069
2025-07-29 14:00:00,102725.56,102725.57,102129.95,102228.77,67.24592
2025-07-29 15:00:00,102221.8,102263.5,101655.55,101821.12,61.93352
2025-07-29 16:00:00,101818.63,101984.71,101373.08,101984.71,69.92667
2025-07-29 17:00:00,101984.72,102203.6,101614.95,102052.92,48.92727
2025-07-29 18:00:00,102047.63,102097.48,101788.36,101799.3,50.35949
2025-07-29 19:00:00,101801.76,102117.28,101592.43,101768.99,59.02858
2025-07-29 20:00:00,101768.99,102031.56,101388.86,101657.08,65.05018
2025-07-29 21:00:00,101664.04,101869.11,101487.4,101865.73,43.93426
2025-07-29 22:00:00,101860.04,102010.84,101673.0,102010.84,34.83581
2025-07-29 23:00:00,102010.57,102140.01,101962.24,102108.87,27.33073
2025-07-30 00:00:00,102109.13,102109.13,101644.58,101790.79,51.61211
2025-07-30 01:00:00,101795.06,102016.97,101540.62,101901.81,43.86679
2025-07-30 02:00:00,101908.44,102149.94,101860.64,102061.87,37.65433
2025-07-30 03:00:00,102065.94,102375.0,101929.14,102197.29,35.48137
2025-07-30 04:00:00,102196.45,102349.76,102080.59,102137.33,35.06562
2025-07-30 05:00:00,102137.33,102204.33,101881.84,102160.85,49.05955
2025-07-30 06:00:00,102154.02,102388.77,102154.02,102311.18,28.80243
2025-07-30 07:00:00,102327.35,102376.26,102200.87,102200.87,35.32304
2025-07-30 08:00:00,102200.87,102491.55,102085.08,102416.06,41.39405
2025-07-30 09:00:00,102407.85,102436.15,102128.55,102271.27,47.09221
2025-07-30 10:00:00,102268.35,102328.67,102268.35,102328.67,1.24493
2025-07-30 11:00:00,102328.67,102334.57,102266.44,102266.44,0.14875
2025-07-30 12:00:00,102334.57,102610.51,102263.0,102608.4,0.48209
2025-07-30 13:00:00,102257.4,102628.94,101892.25,101892.25,0.32198
2025-07-30 14:00:00,101892.25,103380.58,101892.25,103082.11,0.06377
2025-07-30 15:00:00,103059.93,103116.75,101946.04,102661.58,0.05629
2025-07-30 16:00:00,101892.25,102661.58,101892.25,102549.3,0.05452
2025-07-30 17:00:00,102584.72,102704.2,101892.25,102549.7,0.08027
2025-07-30 18:00:00,102551.51,103380.58,101913.35,103380.58,0.04796
2025-07-30 19:00:00,101913.33,103481.6,94612.01,102172.48,0.06846
2025-07-30 20:00:00,101307.12,102709.58,101307.12,102382.48,0.10095
2025-07-30 21:00:00,102485.84,104086.44,100976.92,102829.16,0.05811
2025-07-30 22:00:00,102822.55,104839.01,100915.38,103439.74,0.06207
2025-07-30 23:00:00,103429.77,107280.01,101625.28,103717.11,0.19932
2025-07-31 00:00:00,103717.11,107650.0,101883.6,102761.48,0.05894
2025-07-31 01:00:00,102676.46,200000.0,99093.07,103150.21,0.16835
2025-07-31 02:00:00,103156.12,110719.68,95607.62,101166.79,3.87843
2025-07-31 03:00:00,101063.59,113769.15,96309.94,103581.15,1.08432
2025-07-31 04:00:00,103581.15,103641.54,103018.65,103018.65,0.05082
2025-07-31 05:00:00,102968.64,106541.37,97810.52,106541.37,0.75464
2025-07-31 06:00:00,106718.99,108755.01,99072.8,103500.16,0.93428
2025-07-31 07:00:00,103505.83,104137.99,103284.6,103588.62,0.05053
2025-07-31 08:00:00,103585.09,103710.25,103505.82,103523.23,0.06065
2025-07-31 09:00:00,103523.23,200000.0,103461.92,103644.89,0.08543
2025-07-31 10:00:00,105567.38,106466.26,103554.16,103565.15,0.20509
2025-07-31 11:00:00,105107.25,106800.0,102967.98,103321.83,0.17099
2025-07-31 12:00:00,103343.55,103756.21,103293.95,103733.91,0.73348
2025-07-31 13:00:00,103707.35,103901.8,103244.44,103846.08,0.72819
2025-07-31 14:00:00,103846.45,103909.55,103078.2,103084.44,0.38044
2025-07-31 15:00:00,103132.67,105105.66,102478.05,103467.17,0.83609
2025-07-31 16:00:00,103489.27,108161.32,103467.03,103678.13,0.4013
2025-07-31 17:00:00,103743.04,103743.04,103079.82,103117.65,0.6857
2025-07-31 18:00:00,103100.63,103752.65,102795.52,102936.51,0.1428
2025-07-31 19:00:00,102965.43,103017.35,102201.83,102312.27,0.18288
2025-07-31 20:00:00,102295.6,109005.89,99439.01,102094.35,0.51846
2025-07-31 21:00:00,102094.35,102394.21,101878.01,102081.67,0.09407
2025-07-31 22:00:00,102102.99,102102.99,101640.93,101666.54,0.46248
2025-07-31 23:00:00,101645.59,104355.09,101201.5,101410.14,0.82908
2025-08-01 00:00:00,101383.77,101483.1,98454.01,100305.16,0.59752
2025-08-01 01:00:00,100245.17,101266.28,100242.99,101166.65,0.71684
2025-08-01 02:00:00,101144.06,101712.64,93676.01,101676.21,0.47893
2025-08-01 03:00:00,101691.81,101691.81,101274.8,101319.99,0.07955
2025-08-01 04:00:00,101309.96,101390.33,100970.08,101386.46,0.88353
2025-08-01 05:00:00,101364.26,101535.73,100991.5,101113.36,0.70178
2025-08-01 06:00:00,101113.36,101194.38,100650.83,100736.81,0.1503
2025-08-01 07:00:00,100767.03,100857.58,100370.96,100686.0,0.04127
2025-08-01 08:00:00,100675.69,100686.0,99994.02,100481.81,0.67766
2025-08-01 09:00:00,100488.0,101187.0,100432.7,100857.0,0.472
2025-08-01 10:00:00,100836.0,101004.5,100477.41,100516.7,4.59803
2025-08-01 11:00:00,100536.0,101062.03,100415.4,100985.99,2.48764
2025-08-01 12:00:00,101078.29,101299.99,100284.0,100399.96,10.39933
2025-08-01 13:00:00,100350.0,100487.22,98908.36,98972.79,5.19543
2025-08-01 14:00:00,98969.78,100169.69,98697.86,100069.03,4.2318
2025-08-01 15:00:00,100055.92,100086.0,99349.01,99791.26,1.37024
2025-08-01 16:00:00,99966.89,100193.99,99548.38,99607.02,3.28434
2025-08-01 17:00:00,99724.76,99816.79,99252.0,99252.0,4.77666
2025-08-01 18:00:00,99306.01,99318.94,98631.87,98831.99,5.64707
2025-08-01 19:00:00,98762.49,98790.01,97843.49,97950.01,11.06794
2025-08-01 20:00:00,97964.84,98340.0,97750.33,98340.0,7.63832
2025-08-01 21:00:00,98387.0,98500.56,98213.44,98358.01,6.1364
2025-08-01 22:00:00,98352.01,98444.76,97416.53,97807.02,5.5266
2025-08-01 23:00:00,97681.51,98066.32,97599.05,97950.02,4.7401
2025-08-02 00:00:00,97830.01,98321.35,97826.68,98321.35,2.59148
2025-08-02 01:00:00,98304.07,98308.18,98081.98,98081.98,0.98905
2025-08-02 02:00:00,98179.18,98267.99,98096.56,98184.37,3.48801
2025-08-02 03:00:00,98222.7,98375.99,98222.7,98366.96,3.05658
2025-08-02 04:00:00,98391.01,98528.63,98339.64,98506.02,2.21949
2025-08-02 05:00:00,98515.88,98546.96,98388.02,98506.22,3.14972
2025-08-02 06:00:00,98500.02,98504.95,98092.8,98288.05,11.27899
2025-08-02 07:00:00,98312.24,98562.0,98177.5,98562.0,5.61837
2025-08-02 08:00:00,98525.74,98574.0,98316.01,98337.95,6.50597
2025-08-02 09:00:00,98330.18,98435.81,98181.75,98266.93,5.0159
2025-08-02 10:00:00,98263.73,98279.53,98047.59,98220.0,7.96715
2025-08-02 11:00:00,98211.96,98441.97,98148.96,98344.51,4.38891
2025-08-02 12:00:00,98354.84,98370.44,98184.01,98220.01,7.80246
2025-08-02 13:00:00,98172.09,98175.96,97929.54,98096.25,7.24664
2025-08-02 14:00:00,98096.25,98142.11,97682.63,97841.01,12.42675
2025-08-02 15:00:00,97839.13,98050.02,97550.43,97565.28,14.54519
2025-08-02 16:00:00,97566.48,97811.29,97067.01,97805.06,13.14717
2025-08-02 17:00:00,97873.35,98019.6,97353.07,97425.72,9.26423
2025-08-02 18:00:00,97498.55,97561.07,96929.58,97023.23,14.7321
2025-08-02 19:00:00,97079.52,97535.94,96802.44,97095.84,6.82071
2025-08-02 20:00:00,96929.09,97379.33,96900.25,97379.33,4.14299
2025-08-02 21:00:00,97511.49,97615.33,97233.23,97487.04,1.65916
2025-08-02 22:00:00,97570.16,97610.09,97257.22,97535.94,1.83612
2025-08-02 23:00:00,97408.81,97418.06,97002.93,97210.62,1.55395
2025-08-03 00:00:00,97216.46,97570.16,96724.49,97513.06,2.18585
2025-08-03 01:00:00,97535.95,97804.88,97457.7,97707.08,3.30544
2025-08-03 02:00:00,97711.99,97977.84,97711.99,97977.84,2.13148
2025-08-03 03:00:00,98041.21,98205.87,97985.83,98205.87,1.51978
2025-08-03 04:00:00,98043.66,98074.24,97917.01,97999.29,3.74032
2025-08-03 05:00:00,98010.28,98175.45,97980.88,98151.23,3.14643
2025-08-03 06:00:00,98137.42,98151.02,98067.1,98097.52,2.57228
2025-08-03 07:00:00,98240.18,98306.4,98210.17,98306.4,2.39685
2025-08-03 08:00:00,98318.28,98408.0,98228.41,98332.88,4.19962
2025-08-03 09:00:00,98357.45,98361.47,98275.67,98314.27,9.48253
2025-08-03 10:00:00,98318.34,98569.82,98318.34,98569.82,6.8502
2025-08-03 11:00:00,98565.87,98865.63,98565.87,98718.35,2.79263
2025-08-03 12:00:00,98567.35,98739.29,98485.89,98709.55,4.20898
2025-08-03 13:00:00,98650.01,98753.57,98542.5,98599.86,4.70806
2025-08-03 14:00:00,98655.75,98729.1,98326.82,98504.15,4.70678
2025-08-03 15:00:00,98465.25,98622.9,98397.65,98622.9,4.5739
2025-08-03 16:00:00,98602.08,98654.93,98479.72,98650.85,3.3298
2025-08-03 17:00:00,98684.18,98837.72,98675.31,98773.09,6.48863
2025-08-03 18:00:00,98810.27,99067.27,98802.43,98974.14,4.92925
2025-08-03 19:00:00,99001.83,99269.99,98887.23,98888.55,3.84616
2025-08-03 20:00:00,98860.59,98937.39,98758.34,98910.08,1.60114
2025-08-03 21:00:00,98904.47,98904.47,98768.66,98826.91,2.62593
2025-08-03 22:00:00,98864.33,98880.69,98543.29,98827.73,4.23291
2025-08-03 23:00:00,98799.1,98890.73,98639.42,98664.91,7.78083
2025-08-04 00:00:00,98657.09,99462.6,98642.62,99462.6,7.67512
2025-08-04 01:00:00,99428.37,99532.51,99193.66,99197.15,6.44548
2025-08-04 02:00:00,99227.86,99271.88,98986.74,99172.05,7.60551
2025-08-04 03:00:00,99221.49,99221.49,98958.94,98997.74,6.54389
2025-08-04 04:00:00,99015.21,99032.28,98802.73,98810.04,8.44606
2025-08-04 05:00:00,98842.46,98914.91,98728.16,98900.25,3.34163
2025-08-04 06:00:00,98903.72,98946.22,98665.61,98946.22,6.88803
2025-08-04 07:00:00,98967.83,99414.91,98947.25,99305.61,18.07094
2025-08-04 08:00:00,99220.87,99335.44,99007.79,99127.25,3.60577
2025-08-04 09:00:00,99208.06,99231.61,98954.04,98954.04,6.7622
2025-08-04 10:00:00,98925.75,99086.06,98758.18,98772.55,5.55046
2025-08-04 11:00:00,98748.58,99009.56,98723.25,99009.56,4.06578
2025-08-04 12:00:00,99084.16,99084.9,98714.44,98907.33,10.99871
2025-08-04 13:00:00,98918.32,99349.99,98591.32,99348.68,7.11316
2025-08-04 14:00:00,99362.39,99742.0,99266.99,99266.99,7.79732
2025-08-04 15:00:00,99266.73,99449.69,99090.26,99330.15,5.57753
2025-08-04 16:00:00,99333.98,99769.41,99330.63,99723.74,5.75582
2025-08-04 17:00:00,99707.4,100038.51,99562.56,99575.82,4.10027
2025-08-04 18:00:00,99599.82,99655.16,99442.21,99462.0,3.30337
2025-08-04 19:00:00,99399.52,99484.03,99234.18,99240.93,3.72629
2025-08-04 20:00:00,99142.41,99437.51,99072.27,99297.46,6.12561
2025-08-04 21:00:00,99302.49,99666.94,99278.19,99525.23,3.5209
2025-08-04 22:00:00,99540.56,99629.91,99447.89,99623.01,4.92936
2025-08-04 23:00:00,99672.44,99672.44,99382.0,99382.0,4.08061
2025-08-05 00:00:00,99362.74,99445.2,99230.3,99299.83,3.42122
2025-08-05 01:00:00,99324.59,99487.19,99193.03,99221.89,4.32775
2025-08-05 02:00:00,99225.48,99349.07,99176.47,99254.54,2.30617
2025-08-05 03:00:00,99120.52,99120.52,98873.66,98901.67,2.64892
2025-08-05 04:00:00,98898.73,99019.36,98833.24,98960.04,4.61668
2025-08-05 05:00:00,98920.65,99090.04,98920.65,99084.76,2.75245
2025-08-05 06:00:00,99124.9,99149.77,98837.75,98895.57,4.58891
2025-08-05 07:00:00,98889.05,98996.28,98549.11,98786.05,6.07926
2025-08-05 08:00:00,98729.53,99211.35,98711.76,99097.6,3.92419
2025-08-05 09:00:00,99091.28,99494.25,99091.28,99378.05,3.39117
2025-08-05 10:00:00,99407.4,99744.4,99322.87,99518.5,4.2116
2025-08-05 11:00:00,99535.75,99732.19,99444.46,99531.6,4.53393
2025-08-05 12:00:00,99529.41,99561.37,90921.01,98785.39,6.07543
2025-08-05 13:00:00,98768.17,99239.67,98766.62,99211.79,2.51897
2025-08-05 14:00:00,99038.29,99056.54,97534.09,97732.11,12.85369
2025-08-05 15:00:00,97780.91,97867.64,97400.01,97557.05,10.5641
2025-08-05 16:00:00,97557.05,97798.11,97447.64,97709.45,3.25162
2025-08-05 17:00:00,97744.77,98188.43,97700.0,98188.43,8.01892
2025-08-05 18:00:00,98160.48,98211.23,97892.93,98188.44,6.75515
2025-08-05 19:00:00,98214.24,98345.25,98016.25,98264.06,4.13219
2025-08-05 20:00:00,98222.87,98515.61,98039.6,98199.92,4.76722
2025-08-05 21:00:00,98222.9,98360.63,98114.33,98150.2,2.02267
2025-08-05 22:00:00,98137.64,98471.62,97947.27,98443.5,3.74093
2025-08-05 23:00:00,98452.47,98733.42,98452.47,98590.62,13.20656
2025-08-06 00:00:00,98496.54,98532.06,98305.71,98389.33,2.5796
2025-08-06 01:00:00,98368.75,98476.08,98222.77,98457.4,6.95261
2025-08-06 02:00:00,98408.36,98408.36,98153.01,98228.62,4.79361
2025-08-06 03:00:00,98229.23,98229.23,98027.73,98102.53,1.37495
2025-08-06 04:00:00,98058.61,98081.04,97895.69,97954.95,3.01873
2025-08-06 05:00:00,98044.1,98851.15,98044.1,98606.21,0.89668
2025-08-06 06:00:00,98570.92,98589.74,98394.93,98579.67,2.22335
2025-08-06 07:00:00,98535.26,98740.12,98535.26,98616.91,0.15536
2025-08-06 08:00:00,98613.3,98659.11,98257.01,98452.47,0.32652
2025-08-06 09:00:00,98474.11,98691.3,98433.68,98504.54,0.81258
2025-08-06 10:00:00,98590.62,98590.62,98180.01,98285.57,0.59664
2025-08-06 11:00:00,98356.94,98516.09,98356.94,98449.19,0.66633
2025-08-06 12:00:00,98478.23,98516.84,98018.69,98018.69,0.45307
2025-08-06 13:00:00,98031.0,98375.59,97801.76,98324.7,1.02991
2025-08-06 14:00:00,98274.07,98843.0,97975.65,98843.0,1.14839
2025-08-06 15:00:00,99131.86,99230.75,98738.24,99217.94,0.84688
2025-08-06 16:00:00,99138.78,99174.9,98860.92,98983.8,0.73365
2025-08-06 17:00:00,99027.3,99060.85,98861.26,99060.85,0.1164
2025-08-06 18:00:00,99257.72,99291.96,98912.12,98945.79,0.04051
2025-08-06 19:00:00,99094.04,99094.04,98933.36,98942.01,0.8409
2025-08-06 20:00:00,98789.28,98789.28,98789.28,98789.28,0.0005
2025-08-06 21:00:00,98789.28,98789.28,98789.28,98789.28,0.0
2025-08-06 22:00:00,98710.24,98710.24,98710.24,98710.24,0.0005
2025-08-06 23:00:00,98678.49,98678.49,98661.89,98661.89,0.21016
2025-08-07 00:00:00,98649.2,98719.71,98616.66,98651.44,0.28039
2025-08-07 01:00:00,98791.17,98873.86,98356.8,98356.8,0.4316
2025-08-07 02:00:00,98439.28,98529.31,98301.64,98307.0,0.15799
2025-08-07 03:00:00,98224.84,98279.93,98224.84,98258.69,0.08035
2025-08-07 04:00:00,98246.85,98246.85,98080.19,98080.19,0.04141
2025-08-07 05:00:00,98006.39,98202.15,98006.39,98175.12,0.13586
2025-08-07 06:00:00,98175.12,98332.92,98123.26,98272.85,0.51969
2025-08-07 07:00:00,98271.01,98391.18,98268.21,98278.94,0.37262
2025-08-07 08:00:00,98262.23,98623.34,98262.23,98468.91,0.17812
2025-08-07 09:00:00,98505.61,98576.06,98408.18,98554.87,0.16376
2025-08-07 10:00:00,98648.08,99828.95,98648.08,99753.49,2.95327
2025-08-07 11:00:00,99719.1,100308.7,99719.1,100116.27,4.47335
2025-08-07 12:00:00,100086.18,100150.36,99581.41,99877.19,4.99638
2025-08-07 13:00:00,99898.29,100224.41,99801.46,100160.1,1.71385
2025-08-07 14:00:00,100198.69,100384.44,99948.12,100260.85,4.27932
2025-08-07 15:00:00,100125.89,100347.49,100104.25,100340.16,5.86588
2025-08-07 16:00:00,100305.37,100305.37,99439.95,99852.8,0.31628
2025-08-07 17:00:00,99927.85,100089.39,99858.43,100019.58,0.49067
2025-08-07 18:00:00,100086.99,100321.99,99890.06,100321.99,9.87508
2025-08-07 19:00:00,100333.72,100907.85,100282.25,100809.55,6.05287
2025-08-07 20:00:00,100848.11,100848.11,100630.9,100630.9,0.02929
2025-08-07 21:00:00,100443.2,100477.94,100411.76,100455.89,0.96003
2025-08-07 22:00:00,100430.17,100738.82,100430.17,100738.82,1.42542
2025-08-07 23:00:00,100694.86,100713.08,100497.4,100497.4,0.53137
2025-08-08 00:00:00,100624.71,100826.88,100164.35,100586.15,1.65694
2025-08-08 01:00:00,100443.89,100478.98,100211.56,100269.41,1.17324
2025-08-08 02:00:00,100282.17,100316.45,100111.14,100121.71,5.56232
2025-08-08 03:00:00,100111.67,100333.71,100102.25,100161.22,1.05782
2025-08-08 04:00:00,100147.25,100247.25,100102.25,100194.79,0.76314
2025-08-08 05:00:00,100056.56,100200.98,100056.56,100109.06,0.73465
2025-08-08 06:00:00,100055.36,100244.04,99950.0,100212.78,0.29515
2025-08-08 07:00:00,100255.85,100354.52,100041.1,100217.99,1.18121
2025-08-08 08:00:00,100217.98,100294.35,99986.0,100161.55,0.56528
2025-08-08 09:00:00,100218.73,100229.68,100137.2,100228.94,0.35462
2025-08-08 10:00:00,100218.96,100255.56,100014.21,100156.16,6.93244
2025-08-08 11:00:00,100196.72,100436.83,100196.72,100436.83,9.07435
2025-08-08 12:00:00,100357.99,100357.99,100102.62,100131.57,0.46539
2025-08-08 13:00:00,100135.43,100351.03,100061.52,100237.62,0.50617
2025-08-08 14:00:00,100372.47,100551.43,99998.27,100054.76,1.45007
2025-08-08 15:00:00,99973.65,99973.65,99386.77,99587.94,0.69575
2025-08-08 16:00:00,99676.2,99791.12,99568.04,99713.95,2.25483
2025-08-08 17:00:00,99763.39,100071.54,99763.39,100071.54,0.2012
2025-08-08 18:00:00,100123.85,100244.96,100123.85,100244.96,0.002
2025-08-08 19:00:00,100244.96,100244.96,100244.96,100244.96,0.0
2025-08-08 20:00:00,100262.63,100331.99,100262.63,100331.99,0.0015
2025-08-08 21:00:00,100391.24,100391.24,100391.24,100391.24,0.00049
2025-08-08 22:00:00,100299.27,100299.27,100271.18,100291.68,0.1664
2025-08-08 23:00:00,100293.25,100318.63,100088.56,100142.21,0.00294
2025-08-09 00:00:00,100109.19,100161.89,100035.01,100035.01,0.20962
2025-08-09 01:00:00,100039.07,100087.99,99979.07,99999.0,4.80915
2025-08-09 02:00:00,99998.9,99998.9,99858.72,99858.72,3.17723
2025-08-09 03:00:00,99842.24,99897.18,99822.29,99839.52,2.96866
2025-08-09 04:00:00,99994.0,100054.76,99801.22,99858.93,10.70782
2025-08-09 05:00:00,99856.34,100209.18,99831.68,99979.01,7.55763
2025-08-09 06:00:00,99957.43,99993.08,99837.77,99945.77,2.7075
2025-08-09 07:00:00,99951.96,100129.18,99944.56,100029.67,1.86083
2025-08-09 08:00:00,100091.81,100400.0,100044.71,100393.58,0.35892
2025-08-09 09:00:00,100436.16,100704.22,100363.17,100704.22,1.3507
2025-08-09 10:00:00,100699.99,101013.01,100560.15,100561.38,6.53472
2025-08-09 11:00:00,100568.78,100588.8,100286.53,100297.96,0.84037
2025-08-09 12:00:00,100305.88,100362.15,100236.84,100296.14,0.27658
2025-08-09 13:00:00,100291.36,100311.65,100077.21,100145.47,3.47696
2025-08-09 14:00:00,100009.8,100065.68,99890.85,99890.85,0.44727
2025-08-09 15:00:00,99822.75,99822.75,99802.56,99802.56,0.00117
2025-08-09 16:00:00,99747.32,99747.32,99747.32,99747.32,0.32152
2025-08-09 17:00:00,99747.32,99747.32,99747.32,99747.32,0.0
2025-08-09 18:00:00,99747.32,99747.32,99747.32,99747.32,0.0
2025-08-09 19:00:00,99747.32,99747.32,99747.32,99747.32,0.0
2025-08-09 20:00:00,99900.9,99900.9,99900.9,99900.9,0.00049
2025-08-09 21:00:00,99828.62,99828.62,99828.62,99828.62,0.0005
2025-08-09 22:00:00,99748.07,99767.56,99601.84,99601.84,0.00645
2025-08-09 23:00:00,99600.07,99643.14,99554.52,99643.14,0.01196
2025-08-10 00:00:00,99632.67,99847.2,99632.67,99752.21,0.59787
2025-08-10 01:00:00,99796.88,99796.88,99615.41,99676.49,1.47681
2025-08-10 02:00:00,99672.4,100284.25,99670.83,100284.24,1.26118
2025-08-10 03:00:00,100279.47,101210.43,100237.27,101210.43,1.5538
2025-08-10 04:00:00,101210.29,101393.24,101144.93,101203.96,1.39053
2025-08-10 05:00:00,101169.05,101192.59,100652.18,100740.86,0.67143
2025-08-10 06:00:00,100746.66,100821.82,100400.02,100751.39,0.51933
2025-08-10 07:00:00,100866.2,100866.2,100243.41,100413.19,0.49824
2025-08-10 08:00:00,100509.23,100892.68,100313.4,100892.68,0.5053
2025-08-10 09:00:00,100895.61,101051.71,100821.07,100962.31,0.37786
2025-08-10 10:00:00,100911.43,100936.08,100727.54,100727.54,0.29303
2025-08-10 11:00:00,100672.93,101086.94,100580.66,101048.82,0.82076
2025-08-10 12:00:00,100968.47,101237.76,100968.47,101043.03,0.37845
2025-08-10 13:00:00,101043.03,101043.03,101043.03,101043.03,0.0
2025-08-10 14:00:00,101330.12,101339.57,101297.45,101339.57,0.00294
2025-08-10 15:00:00,101410.16,101530.02,101158.13,101379.72,0.61178
2025-08-10 16:00:00,101310.92,101310.92,101264.81,101265.01,1.30627
2025-08-10 17:00:00,101265.01,101265.01,101265.01,101265.01,0.0
2025-08-10 18:00:00,101265.01,101265.01,101265.01,101265.01,0.0
2025-08-10 19:00:00,101332.42,101362.94,101332.42,101348.22,0.14
2025-08-10 20:00:00,101391.57,101397.2,101391.57,101397.2,0.42725
2025-08-10 21:00:00,101397.2,101397.2,101397.2,101397.2,0.0
2025-08-10 22:00:00,101861.64,101981.35,101861.64,101981.35,0.64761
2025-08-10 23:00:00,102023.01,102202.69,101886.71,102184.17,3.32291
2025-08-11 00:00:00,102143.2,102473.36,102143.2,102380.24,4.10279
2025-08-11 01:00:00,102316.25,102752.37,102140.16,102678.27,6.66595
2025-08-11 02:00:00,102891.29,104254.17,102867.52,104254.17,4.58102
2025-08-11 03:00:00,104254.95,104444.43,104032.64,104319.04,1.22559
2025-08-11 04:00:00,104180.96,104544.61,104099.36,104477.94,5.57966
2025-08-11 05:00:00,104448.54,104645.26,104262.73,104408.19,0.63258
2025-08-11 06:00:00,104474.5,104643.26,104416.68,104643.26,0.20438
2025-08-11 07:00:00,104702.43,104702.43,104239.2,104239.2,1.7633
2025-08-11 08:00:00,104150.56,104335.76,103979.13,104335.76,2.31037
2025-08-11 09:00:00,104262.97,104279.18,103939.81,104122.77,0.70823
2025-08-11 10:00:00,104120.72,104128.29,103811.12,103901.65,0.88195
2025-08-11 11:00:00,103972.58,104029.99,103323.82,103464.87,1.25178
2025-08-11 12:00:00,102937.51,103227.73,102791.5,102791.5,1.76635
2025-08-11 13:00:00,102872.52,103279.28,102651.43,103177.88,0.0134
2025-08-11 14:00:00,103208.42,103789.41,103208.42,103598.44,0.80139
2025-08-11 15:00:00,103413.63,103605.48,103413.63,103605.48,0.34501
2025-08-11 16:00:00,103591.63,103988.04,103353.65,103390.61,3.60442
2025-08-11 17:00:00,103285.72,103304.27,102872.31,102918.45,0.00297
2025-08-11 18:00:00,102855.67,103130.08,102669.37,103069.63,3.33579
2025-08-11 19:00:00,103086.79,103123.91,102235.22,102318.19,7.78554
2025-08-11 20:00:00,102569.18,102569.18,102122.49,102354.85,0.52213
2025-08-11 21:00:00,102275.47,102473.92,101785.28,101925.6,0.1045
2025-08-11 22:00:00,102193.09,102193.09,101833.21,101963.15,0.94308
2025-08-11 23:00:00,102279.56,102305.6,102276.58,102294.02,1.08155
2025-08-12 00:00:00,102196.07,102461.74,102112.68,102425.82,1.23796
2025-08-12 01:00:00,102411.25,102493.16,102334.56,102467.71,2.77733
2025-08-12 02:00:00,102410.58,102604.33,102332.17,102516.99,0.17248
2025-08-12 03:00:00,102315.82,102411.54,102315.81,102321.56,0.46148
2025-08-12 04:00:00,102361.42,102511.4,102361.42,102403.93,0.09714
2025-08-12 05:00:00,102382.36,102382.36,101988.56,101993.28,0.30793
2025-08-12 06:00:00,102302.58,102496.6,102196.92,102451.22,0.3637
2025-08-12 07:00:00,102548.33,102604.67,102397.5,102398.38,0.28245
2025-08-12 08:00:00,102373.03,102473.9,102200.02,102377.53,0.2583
2025-08-12 09:00:00,102283.26,102354.84,102050.01,102050.01,0.69517
2025-08-12 10:00:00,102042.42,102113.5,101863.01,102069.36,0.7058
2025-08-12 11:00:00,102095.03,102251.84,102095.03,102251.84,0.05073
2025-08-12 12:00:00,102135.03,105207.01,101980.09,102446.05,15.02558
2025-08-12 13:00:00,102482.27,105556.01,101784.96,102018.21,30.86034
2025-08-12 14:00:00,101983.81,102420.43,101681.49,102360.87,4.41654
2025-08-12 15:00:00,102409.75,102610.5,102350.5,102507.42,12.78734
2025-08-12 16:00:00,102437.65,102437.65,102319.14,102416.88,3.66329
2025-08-12 17:00:00,102432.07,105989.01,102105.25,102139.56,6.16447
2025-08-12 18:00:00,102157.67,106509.01,102147.7,102263.05,29.73654
2025-08-12 19:00:00,102242.33,102665.07,102242.33,102438.88,3.09085
2025-08-12 20:00:00,102372.47,102549.24,102365.1,102532.87,2.29666
2025-08-12 21:00:00,102659.79,102677.55,102596.73,102596.73,2.19826
2025-08-12 22:00:00,102469.6,102703.67,102357.14,102703.67,5.25268
2025-08-12 23:00:00,102691.21,102888.75,102684.5,102832.38,21.51035
2025-08-13 00:00:00,102683.16,102794.31,102385.5,102385.5,1.50041
2025-08-13 01:00:00,102387.43,102387.43,102055.91,102216.27,1.5569
2025-08-13 02:00:00,102186.54,102354.58,101945.06,102220.31,2.09336
2025-08-13 03:00:00,102226.33,102303.71,102029.39,102177.8,1.73835
2025-08-13 04:00:00,102167.81,108278.01,102000.0,102000.0,4.83196
2025-08-13 05:00:00,101985.67,102342.77,101752.91,101808.55,7.39536
2025-08-13 06:00:00,101874.05,102019.14,101712.01,101998.51,0.61114
2025-08-13 07:00:00,102038.77,102095.17,101806.56,102067.21,0.64814
2025-08-13 08:00:00,102006.67,102342.78,101992.14,102337.61,1.35329
2025-08-13 09:00:00,102379.06,102420.35,102091.39,102264.32,0.79655
2025-08-13 10:00:00,102286.98,102827.75,102286.98,102827.75,1.4532
2025-08-13 11:00:00,102825.0,103000.83,102825.0,102887.54,5.74561
2025-08-13 12:00:00,102717.7,102731.49,102708.93,102715.92,0.61755
2025-08-13 13:00:00,103066.11,104075.58,102764.33,104075.58,0.0048
2025-08-13 14:00:00,103496.41,103496.41,103138.93,103138.93,0.00176
2025-08-13 15:00:00,103092.91,103500.0,102782.5,103448.0,0.03534
2025-08-13 16:00:00,103581.79,103894.73,103492.92,103664.31,3.78443
2025-08-13 17:00:00,103664.31,104010.79,103664.31,104010.79,0.9701
2025-08-13 18:00:00,103837.14,103837.14,103712.93,103721.65,0.13698
2025-08-13 19:00:00,104231.81,104690.95,104231.81,104690.95,0.42269
2025-08-13 20:00:00,104507.38,104670.94,104489.9,104615.58,9.88577
2025-08-13 21:00:00,104446.31,104488.61,104169.87,104268.41,0.10452
2025-08-13 22:00:00,104286.51,104962.2,104286.51,104623.43,0.68022
2025-08-13 23:00:00,104284.29,104284.33,104284.29,104284.33,0.10793
2025-08-14 00:00:00,104798.96,105593.71,104798.96,105069.39,1.8978
2025-08-14 01:00:00,105129.59,105260.42,104901.9,105101.3,0.78691
2025-08-14 02:00:00,105099.32,105598.7,105099.31,105566.84,1.1363
2025-08-14 03:00:00,105591.99,105725.99,105307.79,105329.67,1.53861
2025-08-14 04:00:00,105353.47,105372.35,105075.55,105092.25,0.52577
2025-08-14 05:00:00,105003.86,105123.0,104230.76,104324.22,1.45186
2025-08-14 06:00:00,104189.1,104189.1,95559.01,104064.41,1.37283
2025-08-14 07:00:00,104124.77,104270.04,103959.42,104073.84,0.37861
2025-08-14 08:00:00,104110.58,104351.44,104037.34,104180.1,1.82534
2025-08-14 09:00:00,104175.23,104333.59,104067.0,104157.51,0.49522
2025-08-14 10:00:00,104073.19,104199.99,103292.71,103448.73,17.30322
2025-08-14 11:00:00,103437.33,109842.01,103302.03,103513.1,7.89703
2025-08-14 12:00:00,103504.04,103698.88,101014.2,102014.97,1.40764
2025-08-14 13:00:00,101856.72,102231.29,101303.01,102063.27,0.20689
2025-08-14 14:00:00,102146.98,102269.0,102022.34,102022.34,0.00445
2025-08-14 15:00:00,101928.37,101952.0,101358.22,101358.22,0.27221
2025-08-14 16:00:00,101281.01,101398.72,101281.01,101398.72,0.00058
2025-08-14 17:00:00,101334.54,110183.01,100994.29,101208.28,18.80793
2025-08-14 18:00:00,101271.54,101349.76,100860.49,100860.49,5.71774
2025-08-14 19:00:00,101710.83,101710.83,101593.45,101593.45,0.001
2025-08-14 20:00:00,101593.45,101593.45,101593.45,101593.45,0.0
2025-08-14 21:00:00,101593.45,101593.45,101593.45,101593.45,0.0
2025-08-14 22:00:00,101075.61,101640.87,101075.61,101640.87,0.00491
2025-08-14 23:00:00,101610.54,101806.05,101562.51,101742.56,0.0049
2025-08-15 00:00:00,101584.5,101777.14,101434.58,101573.3,1.23293
2025-08-15 01:00:00,101481.96,101947.28,101372.27,101947.28,0.77033
2025-08-15 02:00:00,101917.14,102081.13,101917.14,101936.31,0.25815
2025-08-15 03:00:00,101917.16,102220.06,101838.23,102136.37,2.36179
2025-08-15 04:00:00,102130.6,102318.0,101974.94,102000.0,0.69362
2025-08-15 05:00:00,102054.68,102071.45,101825.2,102005.04,4.20604
2025-08-15 06:00:00,102081.12,111208.01,101969.91,102161.84,2.03227
2025-08-15 07:00:00,102049.4,102083.06,101779.98,101779.98,0.33494
2025-08-15 08:00:00,101964.61,102085.74,101881.93,101972.53,3.58476
2025-08-15 09:00:00,101852.45,101944.59,101580.78,101591.4,0.16409
2025-08-15 10:00:00,101705.17,101927.35,101705.17,101859.4,0.36472
2025-08-15 11:00:00,101974.96,102021.07,101900.48,101928.78,1.49893
2025-08-15 12:00:00,101885.08,101999.11,101470.91,101612.67,1.75731
2025-08-15 13:00:00,101324.53,101515.0,100774.84,100774.84,4.80647
2025-08-15 14:00:00,101001.01,101001.01,100723.24,100723.24,0.0021
2025-08-15 15:00:00,100120.31,100130.68,100120.31,100130.68,0.24082
2025-08-15 16:00:00,100086.08,100119.99,99940.11,100119.99,5.78173
2025-08-15 17:00:00,100711.62,100711.62,100574.39,100574.39,0.00099
2025-08-15 18:00:00,100605.23,100605.23,100234.08,100234.08,0.22091
2025-08-15 19:00:00,100116.81,100336.55,100003.85,100003.85,1.27027
2025-08-15 20:00:00,100039.4,100296.44,99984.22,100296.44,0.00245
2025-08-15 21:00:00,100161.96,100389.85,100144.72,100389.85,0.0049
2025-08-15 22:00:00,100405.59,100440.26,100405.59,100440.26,0.00147
2025-08-15 23:00:00,100440.26,100440.26,100440.26,100440.26,0.0
2025-08-16 00:00:00,100355.57,100785.12,100355.57,100785.12,1.26291
2025-08-16 01:00:00,100738.86,100910.01,100677.18,100898.18,1.02751
2025-08-16 02:00:00,100857.07,100857.07,100528.14,100528.14,0.18938
2025-08-16 03:00:00,100560.14,100672.7,100504.56,100563.43,1.81938
2025-08-16 04:00:00,100505.3,100860.42,100497.47,100860.42,0.09429
2025-08-16 05:00:00,100613.6,100674.59,100600.01,100620.65,0.14622
2025-08-16 06:00:00,100645.5,100670.92,100425.33,100497.28,0.82404
2025-08-16 07:00:00,100430.47,100689.23,100430.47,100689.23,0.27798
2025-08-16 08:00:00,100627.38,100677.17,100549.19,100677.17,0.17642
2025-08-16 09:00:00,100677.41,100748.95,100430.46,100430.47,2.02569
2025-08-16 10:00:00,100408.69,100507.57,100328.87,100469.43,0.47112
2025-08-16 11:00:00,100491.27,100600.08,100471.48,100471.48,0.84159
2025-08-16 12:00:00,100491.25,100782.1,100483.58,100782.1,1.00259
2025-08-16 13:00:00,100799.91,100841.79,100693.25,100744.74,1.27119
2025-08-16 14:00:00,100757.02,100800.53,100630.22,100793.51,1.49606
2025-08-16 15:00:00,100800.0,100800.0,100740.71,100744.0,0.12721
2025-08-16 16:00:00,100749.29,100867.35,100749.29,100833.04,0.00343
2025-08-16 17:00:00,100835.3,100836.47,100774.8,100786.03,0.00588
2025-08-16 18:00:00,100801.47,100801.47,100725.0,100743.8,0.0049
2025-08-16 19:00:00,100765.27,100867.37,100728.87,100867.37,0.00686
2025-08-16 20:00:00,100708.99,100831.43,100689.95,100779.99,0.0049
2025-08-16 21:00:00,100672.4,100672.4,100586.37,100615.51,0.42276
2025-08-16 22:00:00,100550.48,100630.92,100444.9,100630.92,0.64638
2025-08-16 23:00:00,100572.04,100572.04,100482.01,100513.9,0.00441
2025-08-17 00:00:00,100516.62,100522.99,100385.96,100385.96,0.14129
2025-08-17 01:00:00,100385.97,100558.95,100332.81,100528.12,0.27204
2025-08-17 02:00:00,100520.64,100673.05,100505.46,100673.05,0.4488
2025-08-17 03:00:00,100673.09,100799.23,100610.37,100738.86,0.42895
2025-08-17 04:00:00,100756.5,101137.76,100752.41,101057.51,0.38285
2025-08-17 05:00:00,101057.54,101199.96,101001.01,101001.01,1.22245
2025-08-17 06:00:00,101021.56,101084.27,100934.19,100976.09,1.42647
2025-08-17 07:00:00,100837.09,100977.74,100837.09,100943.1,0.43411
2025-08-17 08:00:00,100919.04,101287.81,100919.04,101263.19,0.80784
2025-08-17 09:00:00,101306.51,101359.58,101191.19,101283.88,18.446
2025-08-17 10:00:00,101274.76,101322.59,101165.49,101322.59,0.47444
2025-08-17 11:00:00,101313.04,101313.04,101227.17,101245.26,1.21418
2025-08-17 12:00:00,101298.57,101298.57,101134.93,101165.77,6.38034
2025-08-17 13:00:00,101164.0,101448.99,101086.95,101407.07,3.00491
2025-08-17 14:00:00,101367.0,101367.0,101122.98,101124.15,1.19889
2025-08-17 15:00:00,101102.25,101196.44,101102.25,101193.5,15.56851
2025-08-17 16:00:00,101232.86,101251.05,100278.01,100706.39,3.91477
2025-08-17 17:00:00,100784.39,100887.92,100646.94,100846.71,7.4817
2025-08-17 18:00:00,100841.66,100841.66,100505.16,100505.16,0.01078
2025-08-17 19:00:00,100523.88,100681.34,100431.44,100522.32,0.00836
2025-08-17 20:00:00,100490.8,100585.82,100413.87,100538.41,0.00637
2025-08-17 21:00:00,100476.73,100566.79,100476.73,100533.26,0.467
2025-08-17 22:00:00,100677.19,100677.19,100677.19,100677.19,0.1554
2025-08-17 23:00:00,100485.9,100485.9,100363.64,100363.64,1.23854
2025-08-18 00:00:00,100379.06,100512.69,100091.25,100270.98,0.59627
2025-08-18 01:00:00,100312.24,100435.59,99438.46,99469.29,1.30062
2025-08-18 02:00:00,99320.23,99445.48,98682.87,98836.45,1.26899
2025-08-18 03:00:00,98775.39,98931.02,98376.63,98662.3,1.70531
2025-08-18 04:00:00,98630.11,98746.38,98466.98,98736.04,0.44099
2025-08-18 05:00:00,98763.29,98961.29,98469.39,98924.13,1.72554
2025-08-18 06:00:00,98847.78,98847.78,98376.63,98620.55,2.12653
2025-08-18 07:00:00,98708.55,98854.58,98573.11,98718.57,0.60967
2025-08-18 08:00:00,98723.3,98908.5,98640.24,98692.73,1.5084
2025-08-18 09:00:00,98652.49,98709.96,98200.44,98643.34,2.07545
2025-08-18 10:00:00,98581.2,98770.25,98572.25,98612.16,1.64826
2025-08-18 11:00:00,98613.77,98662.3,98408.4,98581.48,0.32888
2025-08-18 12:00:00,98552.06,98913.11,98509.5,98903.88,0.17135
2025-08-18 13:00:00,99117.84,99181.43,98545.45,98545.45,0.19964
2025-08-18 14:00:00,98545.46,98903.93,98459.65,98790.5,0.0065
2025-08-18 15:00:00,99313.22,99637.61,99313.22,99637.61,0.00865
2025-08-18 16:00:00,99756.77,99776.65,99444.45,99444.45,1.22427
2025-08-18 17:00:00,99710.44,100111.74,99710.44,100111.74,0.44093
2025-08-18 18:00:00,100002.6,100002.6,100002.6,100002.6,5e-05
2025-08-18 19:00:00,100016.0,100113.29,50000.0,99816.35,1.63898
2025-08-18 20:00:00,99814.76,99814.76,99814.76,99814.76,0.00015
2025-08-18 21:00:00,99814.76,99814.76,99814.76,99814.76,0.0
2025-08-18 22:00:00,100254.98,100254.98,99878.32,99878.32,10.77147
2025-08-18 23:00:00,99866.54,99866.54,99584.7,99696.97,2.91581
2025-08-19 00:00:00,99698.86,99999.15,99171.42,99992.52,4.71797
2025-08-19 01:00:00,100061.29,100159.21,99399.07,99425.79,0.41939
2025-08-19 02:00:00,99464.78,99624.79,99320.07,99414.78,0.69196
2025-08-19 03:00:00,99314.09,99359.6,98538.77,98574.78,0.62761
2025-08-19 04:00:00,98587.08,98952.41,98244.91,98952.41,1.23386
2025-08-19 05:00:00,99090.89,99090.89,98700.01,98700.01,2.90833
2025-08-19 06:00:00,98692.02,98861.08,98578.68,98609.56,2.65378
2025-08-19 07:00:00,98616.7,98620.96,98244.91,98496.73,3.05504
2025-08-19 08:00:00,98496.42,98814.92,98423.29,98760.66,2.44309
2025-08-19 09:00:00,98804.88,99011.25,98793.97,98828.96,40.4656
2025-08-19 10:00:00,98822.2,98979.97,98790.59,98790.59,1.06685
2025-08-19 11:00:00,98880.01,99025.87,98880.01,98964.16,1.18951
2025-08-19 12:00:00,98932.97,99017.37,98908.8,98992.24,1.27614
2025-08-19 13:00:00,99074.09,99074.09,99074.09,99074.09,0.31749
2025-08-19 14:00:00,98422.09,98422.09,97627.43,97717.88,2.924
2025-08-19 15:00:00,97645.5,97820.31,97429.98,97614.07,1.40106
2025-08-19 16:00:00,97620.0,97620.0,97620.0,97620.0,0.00878
2025-08-19 17:00:00,97236.0,97351.83,97091.59,97302.48,0.29298
2025-08-19 18:00:00,97211.55,97211.55,96969.0,97112.78,1.06857
2025-08-19 19:00:00,96903.81,97304.2,96869.36,97304.2,0.00261
2025-08-19 20:00:00,97067.01,97469.77,97067.01,97469.77,0.37499
2025-08-19 21:00:00,97429.01,97429.01,97376.01,97376.01,0.00028
2025-08-19 22:00:00,97075.78,97075.78,97075.78,97075.78,0.19991
2025-08-19 23:00:00,96988.85,96988.85,96899.01,96899.01,0.00028
2025-08-20 00:00:00,96970.76,97368.0,96963.7,97293.77,0.95351
2025-08-20 01:00:00,97292.52,97400.0,96808.6,97128.01,2.1576
2025-08-20 02:00:00,97209.96,97606.06,97165.82,97578.77,1.41884
2025-08-20 03:00:00,97605.3,97679.91,97460.05,97590.85,1.16809
2025-08-20 04:00:00,97658.64,97711.0,97585.67,97585.67,0.82231
2025-08-20 05:00:00,97691.99,97763.25,97567.56,97763.25,0.26475
2025-08-20 06:00:00,97787.03,97789.3,97650.36,97769.79,0.80446
2025-08-20 07:00:00,97761.88,97853.09,97656.01,97662.65,0.767
2025-08-20 08:00:00,97499.34,97948.34,97494.72,97932.12,1.8087
2025-08-20 09:00:00,97896.79,97915.83,97605.63,97630.16,0.62763
2025-08-20 10:00:00,97639.91,97738.04,97485.01,97738.04,0.13436
2025-08-20 11:00:00,97729.52,97736.53,97177.84,97610.64,2.40998
2025-08-20 12:00:00,97626.25,97830.09,50000.0,97528.61,2.29367
2025-08-20 13:00:00,97441.73,97441.73,96623.26,96660.78,1.06235
2025-08-20 14:00:00,96686.05,97571.03,96428.48,97318.87,0.31743
2025-08-20 15:00:00,97320.4,97710.05,97320.4,97710.05,0.37576
2025-08-20 16:00:00,97334.68,97795.14,97334.68,97795.14,0.32071
2025-08-20 17:00:00,97600.02,97982.22,97600.02,97863.45,1.0114
2025-08-20 18:00:00,97586.92,97586.92,97255.78,97490.84,2.13655
2025-08-20 19:00:00,97439.03,97439.03,97439.03,97439.03,0.45471
2025-08-20 20:00:00,98183.28,98197.85,98183.28,98197.85,0.76829
2025-08-20 21:00:00,98197.85,98197.85,97869.96,97869.96,1.76452
2025-08-20 22:00:00,97869.96,97869.96,97869.96,97869.96,0.0
2025-08-20 23:00:00,97869.96,97869.96,97869.96,97869.96,0.0
2025-08-21 00:00:00,98058.65,98332.62,97921.22,98213.23,0.521
2025-08-21 01:00:00,98174.6,98472.11,97908.26,98472.11,0.52782
2025-08-21 02:00:00,98507.15,98552.29,97831.59,97841.32,0.30575
2025-08-21 03:00:00,98058.19,98269.15,97861.31,97861.31,0.38339
2025-08-21 04:00:00,97865.47,97913.76,97724.86,97788.05,11.41046
2025-08-21 05:00:00,97700.0,97841.46,97643.71,97841.46,2.30505
2025-08-21 06:00:00,97836.48,97842.37,97609.47,97842.37,0.3398
2025-08-21 07:00:00,97820.16,97820.16,97594.43,97741.66,0.10366
2025-08-21 08:00:00,97727.79,97809.92,97507.36,97507.36,0.51605
2025-08-21 09:00:00,97455.6,97455.6,97218.25,97324.55,0.54773
2025-08-21 10:00:00,97275.77,97407.1,97188.55,97250.02,0.47212
2025-08-21 11:00:00,97270.55,97457.76,97100.01,97208.75,0.96445
2025-08-21 12:00:00,97157.13,97341.43,96992.42,97090.52,1.24731
2025-08-21 13:00:00,97063.19,97775.55,97063.19,97610.32,2.1368
2025-08-21 14:00:00,97552.7,98005.0,97321.33,97507.17,0.8665
2025-08-21 15:00:00,97578.64,97578.64,97024.47,97307.59,0.35157
2025-08-21 16:00:00,97307.59,97307.59,97307.59,97307.59,0.0
2025-08-21 17:00:00,96658.01,96658.01,96658.01,96658.01,0.00014
2025-08-21 18:00:00,96658.01,96658.01,96658.01,96658.01,0.0
2025-08-21 19:00:00,96658.01,96658.01,96658.01,96658.01,0.0
2025-08-21 20:00:00,96850.59,96855.05,96850.59,96855.05,0.35877
2025-08-21 21:00:00,96855.05,96855.05,96855.05,96855.05,0.0
2025-08-21 22:00:00,96984.37,96984.37,96793.47,96793.47,0.19274
2025-08-21 23:00:00,96727.3,96755.64,96727.3,96755.64,0.06456
2025-08-22 00:00:00,96886.87,97095.94,96875.52,96963.21,0.50245
2025-08-22 01:00:00,96985.54,97216.36,96716.53,97205.21,1.5049
2025-08-22 02:00:00,97253.96,97763.55,97217.25,97579.38,7.41199
2025-08-22 03:00:00,97457.03,97650.98,97361.58,97361.58,1.89395
2025-08-22 04:00:00,97482.53,97649.48,97325.58,97325.58,0.57724
2025-08-22 05:00:00,97366.42,97645.21,97366.42,97645.21,0.19491
2025-08-22 06:00:00,97611.37,97795.91,97361.39,97463.07,0.29344
2025-08-22 07:00:00,97450.41,97614.16,97371.04,97513.61,1.21151
2025-08-22 08:00:00,97524.74,97674.1,97400.01,97433.92,1.6488
2025-08-22 09:00:00,97291.65,97526.96,97291.65,97496.08,0.17659
2025-08-22 10:00:00,97465.83,97465.83,97050.01,97050.02,0.46513
2025-08-22 11:00:00,97047.85,97087.36,96678.0,96799.44,0.51681
2025-08-22 12:00:00,96780.12,97058.91,96189.59,96771.87,2.45672
2025-08-22 13:00:00,96827.48,97092.6,96499.7,96911.01,1.51497
2025-08-22 14:00:00,97104.63,99205.25,97093.94,98896.56,5.47269
2025-08-22 15:00:00,98999.99,100023.62,98999.99,100023.62,0.43004
2025-08-22 16:00:00,100023.62,100023.62,100023.62,100023.62,0.0
2025-08-22 17:00:00,100023.62,100023.62,100023.62,100023.62,0.0
2025-08-22 18:00:00,99983.57,99983.57,99983.57,99983.57,0.00999
2025-08-22 19:00:00,99457.21,99457.21,99457.21,99457.21,0.25495
2025-08-22 20:00:00,99624.73,99624.73,99588.21,99589.5,0.78138
2025-08-22 21:00:00,99636.24,99636.24,99472.46,99472.46,0.4967
2025-08-22 22:00:00,99007.75,99007.75,98971.27,98971.27,0.00859
2025-08-22 23:00:00,98986.89,99007.74,98986.89,99007.74,0.001
2025-08-23 00:00:00,99122.32,99217.86,98995.16,99101.67,0.54569
2025-08-23 01:00:00,99062.18,99062.37,98612.71,98710.8,0.75646
2025-08-23 02:00:00,98717.41,98717.41,97988.43,98272.48,1.0523
2025-08-23 03:00:00,98209.32,98329.01,97942.54,98033.55,0.87128
2025-08-23 04:00:00,98148.23,98300.0,98111.09,98300.0,0.41921
2025-08-23 05:00:00,98327.46,98382.57,98209.33,98364.43,2.21832
2025-08-23 06:00:00,98334.93,98377.6,98175.39,98214.52,1.09158
2025-08-23 07:00:00,98207.27,98307.25,98117.65,98167.37,1.11792
2025-08-23 08:00:00,98176.22,98255.82,98006.73,98129.68,2.62451
2025-08-23 09:00:00,98124.8,98159.41,97976.75,98093.14,1.05711
2025-08-23 10:00:00,98051.36,98102.17,98004.92,98040.31,0.41045
2025-08-23 11:00:00,98016.93,98050.43,97848.0,97848.0,0.23519
2025-08-23 12:00:00,97815.57,97932.31,97668.52,97668.52,0.25782
2025-08-23 13:00:00,97639.05,97639.05,97303.48,97409.46,0.72533
2025-08-23 14:00:00,97399.92,97600.65,97310.61,97334.1,0.73455
2025-08-23 15:00:00,97295.22,97460.83,97250.01,97346.25,0.21317
2025-08-23 16:00:00,97346.25,97346.25,97346.25,97346.25,0.0
2025-08-23 17:00:00,97577.75,97577.75,97577.75,97577.75,0.21138
2025-08-23 18:00:00,97577.75,97577.75,97577.75,97577.75,0.0
2025-08-23 19:00:00,97673.56,97673.56,97673.56,97673.56,0.00051
2025-08-23 20:00:00,97685.93,97755.36,97673.89,97743.27,0.1041
2025-08-23 21:00:00,97770.84,97770.84,97590.25,97590.25,0.14297
2025-08-23 22:00:00,97591.42,97780.56,97591.42,97761.26,0.47882
2025-08-23 23:00:00,97798.97,97874.49,97798.97,97874.49,0.0015
2025-08-24 00:00:00,97892.78,97934.16,97839.12,97868.77,0.41544
2025-08-24 01:00:00,97882.87,98068.18,97785.21,98004.17,0.79645
2025-08-24 02:00:00,97971.1,98117.98,97580.64,97592.4,1.15142
2025-08-24 03:00:00,97519.94,97648.12,97476.87,97614.63,0.8543
2025-08-24 04:00:00,97558.13,97764.96,97558.13,97619.52,0.97347
2025-08-24 05:00:00,97639.05,97692.73,97491.5,97527.14,0.34981
2025-08-24 06:00:00,97526.8,97594.29,97412.8,97420.39,0.84416
2025-08-24 07:00:00,97400.35,97517.04,97400.35,97492.63,0.48674
2025-08-24 08:00:00,97464.45,97478.0,97368.27,97375.11,0.69311
2025-08-24 09:00:00,97486.54,97600.0,97317.59,97443.5,0.99348
2025-08-24 10:00:00,97429.18,97636.44,97238.89,97490.46,0.4689
2025-08-24 11:00:00,97492.77,97563.6,97370.91,97497.52,0.63763
2025-08-24 12:00:00,97441.33,97546.35,97351.38,97405.05,0.63604
2025-08-24 13:00:00,97391.13,97520.44,97278.23,97278.23,1.13644
2025-08-24 14:00:00,97257.55,97331.67,97120.27,97236.23,0.78625
2025-08-24 15:00:00,97200.52,97508.72,97146.23,97160.08,3.06262
2025-08-24 16:00:00,97146.27,97257.47,97067.74,97067.74,0.89771
2025-08-24 17:00:00,97034.74,97302.95,97034.74,97199.84,0.1875
2025-08-24 18:00:00,97244.05,97497.1,97179.19,97274.69,1.90652
2025-08-24 19:00:00,97000.38,97000.38,94325.0,95735.89,3.46828
2025-08-24 20:00:00,96004.58,96102.42,95979.51,96017.92,0.97712
2025-08-24 21:00:00,95951.01,96426.78,95951.01,96350.59,0.02334
2025-08-24 22:00:00,96262.36,96683.84,96104.02,96670.86,0.32771
2025-08-24 23:00:00,96743.04,96923.35,96721.61,96721.61,0.83726
2025-08-25 00:00:00,96796.23,96835.07,95791.03,96165.27,2.65361
2025-08-25 01:00:00,96184.8,96605.52,96141.59,96605.52,1.44315
2025-08-25 02:00:00,96626.19,97090.42,96626.19,96941.15,1.25211
2025-08-25 03:00:00,96912.99,97066.2,96501.35,96501.35,1.19157
2025-08-25 04:00:00,96416.31,96530.17,96146.92,96279.37,0.89896
2025-08-25 05:00:00,96263.0,96291.8,95999.34,95999.34,0.78821
2025-08-25 06:00:00,96006.43,96006.44,95410.3,95518.5,1.05413
2025-08-25 07:00:00,95525.46,95690.25,95037.0,95239.54,3.30907
2025-08-25 08:00:00,95191.69,95509.55,94854.71,95190.4,1.26077
2025-08-25 09:00:00,95182.58,95539.79,95068.08,95500.78,1.50553
2025-08-25 10:00:00,95623.2,95623.2,94948.69,94969.58,1.38852
2025-08-25 11:00:00,94947.55,95118.06,94887.01,95036.24,3.33089
2025-08-25 12:00:00,95118.09,95498.01,94961.24,95390.92,3.06005
2025-08-25 13:00:00,95400.67,95465.73,95217.0,95465.73,0.79086
